ID,TenSach,TacGia,LoaiCSDL,STTKe,NXB,ChuDe
34990,Web publisher's construction kit with Nescape Plug-Ins,"Jonathan Angel
",Sách in,"005.758   
/ A581 
","Corte Madera, California: Waite Group Press",computer programming ( electronic computers )Nescape Plug-Ins developer&apos; s kit20.01; computer programs - study and teaching; database administration; internet ( computer network ) - study and teaching; sql ( computer program language ); Công nghệ thông tin; Mạng máy tính; Ngôn ngữ lập trìnhsql ( computer program language ); Quản trị CSDL; client/server computing; computer networks; computer programming ( electronic computers )
153130,Management strategies for information technology,"Earl, Michael J.
",Sách in,"658.4038   
/ E12 
","New York: Prentice Hall, 1989",Information resources management; Information technology; Công nghệ thông tin; Quản lý nguồn thông tin
137236,Management information systems for the information age,"McCubbrey, Donald J. ",Sách in,"658.4   
/ H111 
","Boston, Mass.: McGraw-Hill Irwin, 2005",Management information systems; Hệ thống thông tin quản lý; Information technology; Công nghệ thông tin
146779,An introduction to enterprise architecture,"Bernard, Scott A.
",Sách in,"658.4038   
/ B518 
","[Bloomington, Ind.]: AuthorHouse, 2005",Management information systems; System design; Information technology; Quản trị hệ thống thông tin; Thiết kế hệ thống; Công nghệ thông tin
153084,Security in e-learning,"Weippl, Edgar R.
",Sách in,"005.8   
/ W423 
","New York, NY: Springer, 2005",Information technology; Computer security; Computer-assisted instruction; Bảo mật máy tính; Công nghệ thông tin
156823,"The mathematical foundation of informatics : proceedings of the conference, Hanoi, Vietnam, 25-28 October 1999","Do, Long Van - Editor ;  
Ito, Masami  - Editor
",Sách in,"004.0151   
/ M426 
","Singapore, New Jersey: World Scientific, 2005",Information technology; Information science; Công nghệ thông tin; Khoa học thông tin
207798,Information technology project management : Providing measurable organizational value,"Marchewka, Jack T.
",Sách in,"004.0684   
/ M316 
","Hoboken, NJ: John Wiley & Sons, Inc., 2015",Quản lý dự án; Công nghệ thông tin; Project management; Information technology
146781,Enterprise architecture as strategy : Creating a foundation for business execution,"Robertson, David, |d 1935 -  ;  
Weill, Peter ",Sách in,"658.4038   
/ R831 
","Boston, Mass.: Harvard Business School Press, 2006",Industrial management; Information technology; Strategic planning; Lập kế hoạch chiến lược; Công nghệ thông tin; Quản lý công nghiệp
155089,Từ điển tin học và Công nghệ thông tin Anh - Anh - Việt  = The English - English - Vietnamese dictionary of informatics and information technology: The English - English - Vietnamese dictionary of informatics and information technology,"Trương, Văn Thiện ",Sách in,"004.03   
/ T502 
","Hà Nội: Thông tấn, 2006",Computer science; Information technology; Khoa học máy tính; Công nghệ thông tin
133218,Introduction to systems analysis and design,"Bentley, Lonnie D. ",Sách in,"003   
/ W594 
","Boston: McGraw Hill Irwin, 2008",System design; System analysis; Information technology; Công nghệ thông tin; Phân tích hệ thống; Thiết kế hệ thống
155075,360 câu hỏi lý thú khám phá công nghệ thông tin = Ba trăm sáu mươi câu hỏi lý thú khám phá công nghệ thông tin,"Quang Anh  - Tổng hợp và biên soạn
",Sách in,"384.30285   
/ B100 
","Hà Nội: Từ điển Bách Khoa, 2008",Information technology; Công nghệ thông tin
153265,Introduction to information systems,"Turban, Efraim ",Sách in,"658.4038   
/ R155 
","Hoboken, NJ: J. Wiley, 2009",Information technology; Công nghệ thông tin
191531,Bài tập tin học đại cương,"Tô, Văn Nam
",Sách in,"005.076   
/ N104 
","Hà Nội: Giáo dục Việt Nam, 2010",Information technology; Công nghệ thông tin
270928,"Cơ sở mô phỏng ngẫu nhiên : Dùng cho sinh viên các trường Đại học Khoa học Tư nhiên, Đại học Kĩ thuật, Đại học Sư phạm thuộc các chuyên ngành Toán - Tin học và Công nghệ - Thông tin","Trần, Lộc Hùng
",Sách in,"519.2   
/ H513 
","Hà Nội: Giáo dục, 1997",Phương trình tích phân ngẫu nhiên; Stochastic integral equations
165628,Software engineering,"Dorfman, M. - Editor ;  
Thayer, Richard H.  - Editor
",Sách in,"005.1   
/ S676 
","Los Alamitos, Calif.: IEEE Computer Society Press, 2000",Software engineering; Công nghệ phần mềm
139862,Nhập môn công nghệ phần mềm,"Thạc, Bình Cường
",Sách in,"005.1   
/ C561 
","Hà Nội: Giáo dục, 2008",Software engineering; Công nghệ phần mềm
152395,Bài giảng nhập môn công nghệ phần mềm  = Course of introduction to software engineering: Course of introduction to software engineering,"Huỳnh, Xuân Hiệp
",Sách in,"005.1   
/ H307 
",Cần Thơ: Trường Đại học Cần Thơ,Software engineering; Công nghệ phần mềm
153013,Software measurement and estimation : A practical approach,"Brennan, M. Carol ",Sách in,"005.14   
/ L188 
","Hoboken, N.J.: John Wiley & Sons, 2006",Software measurement; Software engineering; Phép đo Phần mềm; Công nghệ phần mềm
153206,Software security engineering : A guide for project managers,"Ellison, Robert J. ",Sách in,"005.8   
/ S681 
","Upper Saddle River, NJ: Addison-Wesley, c2008",Computer security; Software engineering; Computer networks; An ninh máy tính; Công nghệ phần mềm; Mạng máy tính
153221,Object-Oriented software engineering : Conquering complex and changing systems,"Dutoit, Allen H. ",Sách in,"005.1   
/ B889 
","Upper Saddle River, NJ: Prentice Hall, 2000",Software engineering; Object-oriented programming (Computer science); Công nghệ phần mềm; Lập trình hướng đối tượng ( khoa học vi tính )
153254,Software requirements engineering,"Thayer, Richard H. - Edited by ;  
Dorfman, Merlin - Edited by ;  
Davis, Alan M.  - Foreword by
",Sách in,"005.12   
/ S681 
","Los Alamitos, Calif.: IEEE Computer Society Press, c2000",Software engineering; Công nghệ phần mềm
153259,"Introduction to software engineering design : Processes, principles, and patterns with UML2","Fox, Christopher
",Sách in,"005.1   
/ F791 
","Boston: Addison-Wesley, c2006",Software engineering; Công nghệ phần mềm
153262,Practical software engineering : Analysis and design for the .NET platform,"Manassis, Enricos
",Sách in,"005.1   
/ M267 
","Boston: Addison-Wesley, 2004",Software engineering; Computer software; Microsoft.net framework; Công nghệ phần mềm; Phần mềm máy tính
153665,"Object-oriented software engineering : using UML, patterns, and Java","Dutoit, Allen H. ",Sách in,"005.1   
/ B889 
","Upper Saddle River, NJ: Prentice Hall, 2004",Software engineering; Object-oriented programming (Computer science); Công nghệ phần mềm
153693,Object-Oriented Software Engineering: Practical Software Development using UML and Java,"Laganière, Robert ",Sách in,"005.1   
/ L647 
","Boston: McGraw-Hill Education, 2005",Software engineering; Object-oriented programming (Computer science); Công nghệ phần mềm
270819,Software project management : Readings and cases,"Kemerer, Chris F.
",Sách in,"005.1068   
/ K31 
","Chicago: Irwin, 1997",Kỹ thuật phần mềm; Software engineering
270776,Ada for software engineers,"Ben-Ari, M.
",Sách in,"005.133   
/ B456 
","Chichester: Jphn Wiley & Sons, 1998",Kỹ thuật phần mềm; Software engineering
58976,Software engineering,"Sommerville, Ian
",Sách in,"005.1   
/ S697 
","Harlow, Eng: Addison-Wesley, 2001",Software engineering; Kỹ thuật phần mềm
261993,Kĩ thuật phần mềm : Cách tiếp cận của người thực hành. Tập 2,"Ngô, Việt Trung  - Dịch
",Sách in,"005.1   
/ P935/T.2 
","Hà Nội: Giáo Dục, 2001",Kỹ thuật phần mềm; software engineering
144207,Fundamentals of software engineering = Software engineering,"Mandrioli, Dino ",Sách in,"005.1   
/ G421 
","Upper Saddle River, N.J.: Prentice Hall, 2003",Software engineering; Kỹ thuật phần mềm
153305,Software engineering : Principles and practice,"Jawadekar, Waman S.
",Sách in,"005.1   
/ J41 
","New Delhi: Tata McGraw-Hill Pub., 2004",Software engineering; Kỹ thuật phần mềm
153135,Jumpstart CMM/CMMI software process improvement : Using IEEE software engineering standards,"Land, Susan K.
",Sách in,"005.1   
/ L253 
","Hoboken, N.J.: Wiley, 2005",Software engineering; Capability maturity model (Computer software); Kỹ thuật phần mềm
164317,The cognitive dynamics of computer science : Cost-effective large scale software development,"Gyurky, Szabolcs Michael de
",Sách in,"005.1   
/ G998 
","Hoboken, N.J.: Wiley-Interscience, 2006",Software engineering; Kỹ thuật phần mềm
258953,Software engineering : A practitioner’s approach,"Pressman, Roger S.
",Sách in,"005.1   
/ P935 
","New York: McGraw-Hill Higher Education, 2010",Software engineering; Kỹ thuật phần mềm
152380,Phân tích hệ thống hướng đối tượng,"Phạm, Thị Xuân Lộc
",Sách in,"005.117   
/ L451 
",Cần Thơ: Trường Đại học Cần Thơ,Object-orriented programming (computer science); Lập trình hướng đối tượng (Khoa học máy tính)
153152,Stochastic algorithms : Foundations and applications,"Lupanov, Oleg B. ",Sách in,"518.1   
/ S864 
","New York: Springer, c2005",Algorithms; Stochastic approximation; Computer science; Thuật toán; Phép tính xấp xỉ; Khoa học máy tính
153176,Computational intelligence : An introduction,"Engelbrecht, Andries P.
",Sách in,"006.3   
/ E57 
","Hoboken, NJ.: John Wiley & Sons, c2007",Computational intelligence; Neural networks (Computer science); Evolutionary programming (Computer science); Trí thông minh của máy tính; Mạng máy tính; Chương trình phát triển (khoa học máy tính)
153580,Concept data analysis : Theory and applications,"Romano, Giovanni ",Sách in,"004.0151   
/ C298 
","Chichester, England: Wiley, c2004",Computer science; Machine learning; Information retrieval; Phục hồi thông tin; Khoa học máy tính; Học của máy
258675,Decision support systems and intelligent systems,"Liang, Ting  - Peng
",Sách in,"658.4030285   
/ T931 
","Upper Saddle River, NJ: Prentice Hall, c2005",Management; Decision support systems; Expert systems (Computer science); Hệ chuyên gia (Khoa học máy tính); Hệ thống hỗ trợ ra quyết định; Quản lý
272293,Arithmétique des ordinateurs : Opérateurs et fonctions élémentaires,"Cosnard, M.  - Préf. du
",Sách in,"005.101   
/ M958 
","Paris: Masson, 1989",Thuật toán và cấu trúc khoa học máy tính bậc cao; Algorithms and architectures for advanced scientific computing
162780,UPC : Distributed shared memory programming,"El  - Ghazawi, Tarek
",Sách in,"005.133   
/ U65 
","Hoboken, NJ: Wiley, 2005",UPC (Computer program language); Parallel programming (Computer science); Ngôn ngữ lập trình máy tính; Lập trình song song (Khoa học máy tính)
262612,UML et les design patterns,"Burr, Emmanuelle - Traduction ;  
Baland, Marie - Cécile ;  
Carité, Luc  - Traduction
",Sách in,"005.117   
/ L324 
","Paris: Pearson education, 2005",Lập trình hướng đối tượng (Khoa học máy tính); Object-oriented programming (Computer science)
272441,Giáo trình cấu trúc dữ liệu và giải thuật : (Sách dùng cho các trường đào tạo hệ Trung học chuyên nghiệp),"Đỗ, Xuân Lôi
",Sách in,"005.73   
/ L452 
","Hà Nội: Giáo dục, 2005",Cấu trúc dữ liệu (khoa học máy tính); Data structures (computer science)
272454,Hướng dẫn học nhanh máy vi tính phòng chống Virút,"Trần, Văn Thắng
",Sách in,"005.84   
/ Th116 
","Thành phố Hồ Chí Minh: Tổng hợp Thành phố Hồ Chí Minh, 2005",Vi rút máy tính; Khoa học máy tính; Computer viruses; Science computer
138312,An introduction to object-oriented programming with Java,"Wu, C. Thomas
",Sách in,"005.133   
/ W959 
","Boston: McGraw-Hill, 2006",Object-oriented programming (Computer science); Java (Computer program language); Java (Ngôn ngữ lập trình máy tính); Lập trình hướng đối tượng (Khoa học máy tính)
153093,A statistical approach to neural networks for pattern recognition,"Dunne, Robert A.
",Sách in,"006.32   
/ D923 
","Hoboken, N.J.: Wiley, 2007",Mạng thần kinh nhân tạo; Mạng thần kinh (Khoa học máy tính); Perceptrons; Neural networks (Computer science)
153236,Data modeling fundamentals : A practical guide for IT professionals,"Ponniah, Paulraj
",Sách in,"005.74   
/ P792 
","Hoboken, N.J.: Wiley-Interscience, 2007",Cấu trúc dữ liệu (khoa học máy tính); Database design; Data structures (Computer science); Thiết kế cơ sở dữ liệu
165718,Task scheduling for parallel systems,"Sinnen, Oliver
",Sách in,"044.35   
/ S616 
","Hoboken, N.J.: John Wiley & Sons, 2007",Parallel processing (Electronic computers); Computer multitasking (Computer science); Computer scheduling; Xử lý song song (điện tử máy tính); Máy tính đa nhiệm (Khoa học máy tính); Lập lịch trình máy tính
165761,Computer science reconsidered : The invocation model of process expression,"Fant, Karl M.
",Sách in,"004   
/ F216 
","Hoboken, N.J.: Wiley-Interscience, 2007",Computer science; Electronic data processing; Khoa học máy tính; Xử lý dữ liệu điện tử
153233,Principles of parallel programming,"Snyder, Lawrence ",Sách in,"005.2   
/ L735 
","Boston, Mass.: Pearson/Addison Wesley, 2009",Parallel programming (Computer science); Chương trình song song ( khoa học máy tính)
166947,Cấu trúc dữ liệu và giải thuật,"Đỗ, Xuân Lôi
",Sách in,"005.73   
/ L452 
","Hà Nội: Đại học Quốc Gia Hà Nội, 2010",Data structures (Computer science); Algorithms; Dữ liệu cấu trúc ( khoa học máy tính); Các giải thuật
196136,Designing scientific applications on GPUs,"Couturier, Raphael  - edited by
",Sách in,"006.663   
/ D457 
","Boca Raton: CRC/Taylor & Francis, 2014",Parallel programming (Computer science); Lập trình song song (Khoa học máy tính)
209226,Giáo trình lập trình hướng đối tượng,"Nguyễn, Công Huy ",Sách in; Sách điện tử,"005.133   
/ A105 
","Cần Thơ: Nxb. Đại học Cần Thơ, 2016",Object-oriented programming ( computer science ); Lập trình hướng đối tượng (khoa học máy tính)
278563,Handbook of model checking,"Clarke, Edmund M.  - editor
",Sách in,"004.0151   
/ H236 
","Cham, Switzerland: Springer, 2018",Khoa học máy tính; Computer science
272315,Conception et programmation par objets : Pour du logiciel de qualité,"Mahl, Robert  - Traducteur
",Sách in,"005.11   
/ M612 
","Paris: InterÉditions, 1990",Khoa học máy tính. Trí tuệ nhân tạo; Computer science. Artificial intelligence
262431,Object-oriented programming : An evolutionary approach,"Novobilski, Andrew J. ",Sách in,"005.1   
/ C877 
","Reading, Mass.: Addison-Wesley Pub. Co., 1991",Lập trình hướng đối tượng (Khoa học máy tính); Object-oriented programming (Computer science)
262569,Nhập môn lập trình định hướng đối tượng,"Đặng, Văn Hưng  - Biên soạn
",Sách in,"005.133   
/ Nh123 
","Thành phố Hồ Chí Minh: Viện Tin học, 1991",Lập trình hướng đối tượng (khoa học máy tính); Object-oriented programming (Computer science)
262611,Génie logiciel et génie cognitif : Pour les systèmes à base de connaissances. Volume 2,"Ermine, Jean-Louis
",Sách in,"006.33   
/ E71/Vol.2 
","Paris: Londres, 1993",Hệ chuyên gia (khoa học máy tính); Expert systems (Computer science)
270756,Concepts fondamentaux de l'informatique,"Ullman, Jeffrey David ",Sách in,"004   
/ A286 
","Paris: Dunod, 1993",Khoa học máy tính; Computer science
272306,Génie logiciel et génie cognitif : Pour les systèmes à base de connaissances,"Ermine, Jean-Louis
",Sách in,"006.33   
/ E71 
","Paris: Londres, 1993",Hệ chuyên gia (Khoa học máy tính); Expert systems (Computer science)
273491,Object-oriented system development,"Faure, Penelope ",Sách in,"005.12   
/ C451 
","Reading, Mass.: Addison-Wesley, 1993",Lập trình hướng đối tượng (Khoa học máy tính); Object-oriented programming (Computer science)
262116,La démarche objet : Concepts et outils,"Bouché, Max
",Sách in,"005.117   
/ B753 
","Paris: AFNOR, 1994",Lập trình hướng đối tượng (khoa học máy tính); Object-oriented programming (Computer science)
270862,Mixed language programming,"Telles, Matthew A.
",Sách in,"005.265   
/ T274 
","New York, N.Y.: M&T Books, 1994",Ngôn ngữ Visual (khoa học máy tính); Visual programming languages (Computer science)
272300,Types de données et algorithmes,"Gaudel, Marie - Claude ;  
Soria, Michèle ",Sách in,"005.73   
/ F929 
","Paris: Ediscience, 1994",Dữ liệu trừu tượng (Khoa học máy tính); Abstract data types (Computer science)
262586,"Spécifications algébriques, algorithmique et programmation","Bertrand, Yves ",Sách in,"005.131   
/ D861 
","Paris: InterEditions, 1995",Khoa học máy tính; Computer science
270777,Case studies in object-oriented analysis and design,"Argila, Carl ",Sách in,"005.12   
/ Y81 
","Upper Saddle River, N.J.: Prentice Hall, 1996",Lập trình hướng đối tượng (Khoa học máy tính); Object-oriented programming (Computer science)
270850,Object-oriented analysis and simulation,"Hill, David R. C.
",Sách in,"005.1   
/ H645 
","Harlow, England: Addison-Wesley, 1996",Phương pháp hướng đối tượng (Khoa học máy tính); Object-oriented methods (Computer science)
262117,Mathématiques pour l'informatique : Avec exercices corrigés,"Guessarian, Irène ",Sách in,"511.1076   
/ A752 
","Paris: Masson, 1997",Khoa học máy tính; Computer science
270839,Object technology for scientific computing : Object-oriented numerical software in Eiffel and C,"Guessarian, Irène ",Sách in,"005.12   
/ D815 
","Upper Saddle River, N.J.: Prentice Hall, 1997",Phương pháp lập trình hướng đối tượng (khoa học máy tính); Object-oriented methods (Computer science)
272316,Professional DCOM programming : A guide to creating practical applications with Microsoft's distributed component object model,"Grimes, Richard
",Sách in,"004.36   
/ G862 
","Birmingham, U.K.: Wrox press, 1997",Lập trình hướng đối tượng (Khoa học máy tính); Object-oriented programming (Computer science)
273500,"Objects on the Web : Designing, building, and deploying object-oriented applications for the Web","Ben-Natan, Ron
",Sách in,"005.276   
/ B456 
","New York: McGraw-Hill, 1997",Lập trình hướng đối tượng (khoa học máy tính); Object-oriented programming (Computer science)
270857,Classical and object-oriented software engineering with UML and C++,"Schach, Stephen R.
",Sách in,"005.1   
/ S291 
","Boston: WCB/McGraw-Hill, 1999",Lập trình hướng đối tượng (Khoa học máy tính); Object-oriented programming (Computer science)
261994,Lập trình hướng đối tượng : Những khái niệm chung (song ngữ Anh - Việt có chú giải thuật ngữ),"Trần, Đức Quang  - Biên dịch và chú giải
",Sách in,"005.133   
/ L123 
","Thành phố Hồ Chí Minh: Đại học Quốc gia Thành phố Hồ Chí Minh, 2002",Lập trình hướng đối tượng (khoa học máy tính); Object-oriented programming (computer science)
270755,UML pour l'analyse d'un système d'information : Le cahier des charges du maître d'ouvrage,"Gardarin, Georges  - Préface
",Sách in,"005.12   
/ M864 
","Paris: Dunod, 2002",UML (khoa học máy tính); UML (Computer science)
156835,"Computer mathematics : Proceedings of the sixth Asian sysposium ( ASCM 2003 ). Beijing, China 17-19 April 2003","Li, William - Editors ;  
Sit, William  - Editors
",Sách in,"004.0151   
/ C736 
","Singapore: World Scientific, 2003",Computer science; Khoa học máy tính
270964,Giáo trình nhập môn UML,"Đoàn, Thiện Ngân - Hiệu đính ;  
Hoàng, Đức Hải  - Đồng tác giả
",Sách in,"005.117   
/ Đ552 
","Hà Nội: Lao động - Xã hội, 2003",UML (khoa học máy tính); UML (computer science)
272434,"Kỹ thuật và ứng dụng UML với rotional rose 2002 : Cập nhật đầy đủ theo rose 2002, 2001 và 2001A","Nguyễn, Tiến ",Sách in,"005.117   
/ K600 
","Hà Nội: Thống kê, 2003",UML (khoa học máy tính); UML (Computer science)
91603,Tin học phổ thông : Tự học Mac OS X 10.03 Panther nhanh chóng dễ dàng,"Nguyễn, Văn Khoa
",Sách in,"005.43   
/ Kh401 
","Hà Nội: Thống kê, 2004",Computer science; Khoa học máy tính
151747,Introcdution to computer science using Java,"Weiss, Seth ",Sách in,"005.133   
/ L695 
","New York: Glencoe/McGraw-Hill, 2004",Computer science; Java (Computer program language); Ngôn ngữ lập trình Java; Khoa học máy tính
165799,Acrobat 6 and PDF solutions,"Tally, Taz
",Sách in,"005.72   
/ T147 
","Alameda, CA.: Sybex, Inc., 2004",File conversion (Computer science); PDF (Computer file format); Portable document software; Chuyển đổi tập tin (Khoa học máy tính); PDF (định dạng tập tin máy tính); Tài liệu phần mềm có thể di chuyển được
133383,Multimedia multicast on the Internet,"Benslimane, Abderrahim  - Editor
",Sách in,"004.66   
/ M954 
","London ; Newport Beach, CA: ISTE, c2007",Multicasting (Computer networks); Multimedia systems; Truyền tin đa phương tiện (trên mạng máy tính); Hệ thống truyền thông đa phương tiện
166697,LAN wiring,"Trulove, James
",Sách in,"004.68   
/ T866 
","New York: McGraw-Hill, 2006",Local area networks (Computer networks); Electric wiring; Mạng cục bộ (Mạng máy tính); Dây điện
272461,Bảo mật và quản trị mạng,"Nguyễn, Thanh Quang - Sưu tầm, biên soạn ;  
Hoàng, Anh Quang  - Sưu tầm, biên soạn
",Sách in,"005.8   
/ B108 
","Hà Nội: Văn hóa - Thông tin, 2006",Mạng máy tính; Computer networks
58161,Network security essentials : Applications and standards,"Stallings, William
",Sách in,"005.8   
/ S783 
","Upper Saddle River, NJ: Pearson Education, 2007",Mạng máy tính; Computer networks; Database management
133971,Communication networks : Principles and practice,"Narang, Sumit ",Sách in,"621.3821   
/ K19 
","New York: McGraw-Hill, 2007",Computer networks; Internetworking (Telecommunication); Mạng máy tính; Liên mạng (Viễn thông)
138305,IP location,"Dawson, Martin
",Sách in,"621.3821   
/ D272 
","New York, N.Y: McGraw-Hill, 2007",TCP/IP (Computer network protocol); Geographical positions; Giao thức mạng máy tính
140658,Giáo trình internet và giáo dục điện tử,"Tôn, Thất Hòa An - Biên soạn ;  
Hoàng, Kiếm  - Hiệu đính
",Sách in,"004.6507   
/ Gi108 
","Thành phố Hồ Chí Minh: Đại học Quốc gia Thành phố Hồ Chí Minh, 2007",Internet ( computer network ); Programming languages ( electronic computers ); Internet (Mạng máy tính); Ngôn ngữ lập trình (Máy tính điện tử)
142888,Giáo trình Internet - Web : (Dùng trong các trường THCN),"Trịnh, Quốc Tuấn
",Sách in,"004.6507   
/ T502 
","Hà Nội: Nhà xuất bản Hà Nội, 2007",Internet (computer network); Internet (Mạng máy tính)
142889,Giáo trình Java : (Dùng cho các trường THCN),"Nguyễn, Quang Uy
",Sách in,"005.133   
/ U523 
","Hà Nội: Giáo dục, 2007",Java ( computer program language ); Internet ( computer network); World wide web ( information retrieval systems ); Java (ngôn ngữ lập trình máy tính); Internet (mạng máy tính); Mạng toàn cầu (xây dựng hệ thống thông tin)
153144,Network security : Current status and future directions,"Serpanos, Dimitrios N. ",Sách in,"005.8   
/ S472 
","Hoboken, N.J.: Wiley, 2007",Computer networks; Mạng máy tính
153237,Principles of information systems security : Text and cases,"Dhillon, Gurpreet
",Sách in,"005.8   
/ D533 
","Hoboken, NJ.: John Wiley & Sons, 2007",Computer security; Computer networks; An ninh máy tính; Mạng máy tính
270970,Phương pháp cấu hình và thiết lập bảo mật trên Windows Server 2003 đối với mạng doanh nghiệp,"Vũ, Đình Cường
",Sách in,"005.8   
/ C561 
","Hà Nội: Giao thông Vận tải, 2007",Mạng máy tính; Computer networks
142879,Mạng máy tính,"Đỗ, Trung Kiên ",Sách in,"004.65   
/ A105 
","Hà Nội: Giáo dục, 2009",Local area networks (computer networks); Communication; Network computing; Mạng khu vực (mạng náy tính); Truyền thông; Mạng máy tính
191363,Mạng máy tính,"Ngạc, Văn An
",Sách in,"004.65   
/ A105 
","Hà Nội: Giáo dục, 2011",Computer networks; Mạng máy tính
270771,Local area network design,"Williamson, R.C. ",Sách in,"621.3981   
/ H798 
","Wokingham: Addison-Wesley, 1986",Mạng cục bộ (Mạng máy tính); Local area networks (Computer networks)
270861,Network interrupts : A programmer's reference to network APIs,"Kyle, James ",Sách in,"005.71365   
/ B877 
","Reading, Mass.: Addison-Wesley, 1994",Mạng máy tính; Computer networks
262441,L'autoroute de l'information vers village global,"Masson, Mario
",Sách in,"004.67   
/ M419 
","Québec: Éditions, 1995",Mạng diện rộng (mạng máy tính); Wide area networks (Computer networks)
270761,Passeport pour les réseaux,"Masson, Mario
",Sách in,"004.65   
/ P287 
","Paris: IDG France books, 1995",Mạng máy tính; Computer networks
272364,The X series recommendations : Standards for data communications,"Black, Uyless D.
",Sách in,"004.62   
/ B627 
","New York: McGraw-Hill, 1995",Giao thức mạng máy tính; Computer network protocols
272378,"Network management standards : SNMP, CMIP, TMN, MIBs, and object libraries","Black, Uyless
",Sách in,"004.62   
/ B627 
","New York: McGraw-Hill, 1995",Mạng máy tính; Computer networks
278400,Hacking web apps : Detecting and preventing web application security problems,"Shema, Mike
",Sách in,"005.8   
/ S545 
","Amsterdam: Syngress, 2012",Mạng máy tính; Computer networks
23255,Intranet web development,"Desborough, John
",Sách in,"005.2   
/ D444 
","Indianapolis, Ind.: New Riders Pub., 1996",Intranets (Computer networks); Mạng nội bộ (Mạng máy tính)
262065,Enterprise networking : Strategies and transport protocols,"Leben, Joe ",Sách in,"004.6   
/ M379 
","Upper Saddle River, N.J.: Prentice Hall PTR, 1996",Mạng cục bộ (Mạng máy tính); Local area networks (Computer networks
262090,Teach yourself TCP/IP in 14 days,"Parker, Tim
",Sách in,"004.62   
/ P238 
","Indianapolis, I.N.: Sams Pub., 1996",TCP / IP (Giao thức mạng máy tính); TCP/IP (Computer network protocol)
270867,Internetworking with NetWare TCP/IP,"Kuo, Peter ",Sách in,"005.713   
/ S625 
","Indianapolis, I.N.: New Riders, 1996",TCP/IP (Giao thức mạng máy tính); TCP/IP (Computer network protocol)
262616,Réseaux,"Hernandez, Jean - Alain ;  
Joly, René  - Traducteur
",Sách in,"004.65   
/ T164 
","Paris: Prentice Hall, 1997",Mạng máy tính; Computer networks
270874,The Waite Group's NC guide,"Mohseni, Piroz
",Sách in,"004.6   
/ M699 
","Corte Madera, C.A.: Waite Group Press, 1997",Mạng máy tính; Computer networks
270849,Extranets : Building the business-to-business Web,"Bayles, Deborah L.
",Sách in,"650.0285   
/ B358 
","Upper Saddle River, N.J.: Prentice Hall PTR, 1998",Extranets (mạng máy tính); Extranets (Computer networks)
273502,Practical computer network analysis and design,"McCabe, James D.
",Sách in,"004.65   
/ M478 
","San Francisco, Calif.: Morgan Kaufmann Publishers, 1998",Mạng máy tính; Computer networks
262084,IP multicasting : Concepts and applications,"Niles, Kitty ",Sách in,"004.66   
/ G635 
","New York: McGraw-Hill, 1999",Đa nền tảng (mạng máy tính); Multicasting (Computer networks)
56346,Data and computer communications,"Stallings, William
",Sách in,"004.6   
/ S783 
","UpperSadddle River, NJ: Prentice-Hall, 2000",Data transmission systems; Computer networks; Hệ thống quản lý cơ sở dữ liệu; Mạng máy tính
270846,Administering NetWare 5,"Cady, Dorothy
",Sách in,"005.44769   
/ C126 
","New York: McGraw-Hill, 2000",Mạng cục bộ (mạng máy tính); Local area networks (Computer networks)
272304,Red hat linux network management tools,"Maxwell, Steven
",Sách in,"005.4   
/ M465 
","New York: McGraw Hill, 2000",Mạng máy tính; Computer networks
272343,Cisco router handbook,"Sackett, George C.
",Sách in,"004.62   
/ S121 
","New York: McGraw-Hill, 2000",Bộ phân tuyến (mạng máy tính); Routers (Computer networks)
272359,All-in-one Novell 5 CNA/CNE exam guide,"Mueller, John Paul
",Sách in,"005.7   
/ M946 
","New York: McGraw-Hill, 2000",Mạng máy tính; Computer networks
166787,Admin911 : SMS,"Trent, Rod
",Sách in,"005.71   
/ T795 
","Berkley: Osborne/McGraw-Hill, 2001",Computer networks; Mạng máy tính
48375,Mạng máy tính,"Hồ, Anh Phong  - Dịch giả
",Sách in,"004.65   
/ T164 
","[Hà Nội]: Thống Kê, 2002",Computer networks; Mạng máy tính
262003,Virus tin học - huyền thoại và thực tế,"Ngô, Anh Vũ
",Sách in,"005.84   
/ V500 
","Thành phố Hồ Chí Minh: Nxb. Thành phố Hồ Chí Minh, 2002",Mang máy tính; Computer networks
262454,TCP-IP administration de réseau: Craig Hunt ; Traduction de Emmanuel Chaput et Stéphane Larroque,"Chaput, Emmanuel - Traduction de ;  
Larroque, Stéphane  - Traduction de
",Sách in,"004.6   
/ H939 
","Paris: O'Reilly, 2002",TCP / IP (Giao thức mạng máy tính); TCP/IP (Computer network protocol)
152426,Thiết kế & cài đặt mạng  = Thiết kế và cài đặt mạng: Phiên bản 1.0,"Ngô, Bá Hùng
",Sách in,"004.65   
/ H513 
","Cần Thơ: Trường Đại học Cần Thơ, 2003",Network computers; Mạng máy tính
262674,Analyse structurée des réseaux : Des applications de l'Internet aux infrastructures de télécommunation,"Kurose, James
",Sách in,"004.65   
/ K96 
","Paris: Pearson education, 2003",Mạng máy tính; Computer networks
138730,Internet technology handbook : Optimizing the IP network,"Miller, Mark
",Sách in,"004.62   
/ M649 
","Hoboken, N.J.: John Wiley, 2004",Computer networks; TCP/IP (Computer network protocol); Network performance (Telecommunication); Internet; Mạng máy tính
272421,Mạng máy tính. Tập 1,"Tống, Văn On
",Sách in,"004.65   
/ O.429/T.1 
","Hà Nội: Thống kê, 2004",Cấu trúc mạng máy tính; Computer network architectures
112307,Tự học quản lý mạng CCNA (Cisco ),Hồng Phúc ,Sách in,"004.6   
/ T502 
","Hà Nội: Thống kê, 2005",Computer networks; Mạng máy tính
162920,Network + study guide,"Skandier, Toby ",Sách in,"004.6   
/ G881 
","San Francisco: Wiley, 2005",Microsoft software; Computer networks; Telecommunications engineers; Mạng máy tính; Kỹ sư viễn thông; Phần mềm Microsoft
275992,Giáo trình lập trình ứng dụng mạng với Python,"Đỗ, Thanh Nghị ",Sách in,"004.67   
/ Ph300 
","Cần Thơ: Nxb. Đại học Cần Thơ, 2021",Communication; Truyền thông; Internet (Mạng máy tính); Internet (Computer network)
258771,An toàn thông tin : Mạng máy tính truyền số và truyền dữ liệu,"Phạm, Minh Việt ",Sách in,"005.8   
/ Nh500 
","Hà Nội: Khoa học và Kỹ thuật, 2004",Database security; An toàn dữ liệu
272447,Mã hóa thông tin : Cơ sở toán học và ứng dụng,"Phạm, Huy Điển
",Sách in,"005.8   
/ Đ305 
","Hà Nội: Viện toán học, 2004",Bảo mật dữ liệu; Data security
173657,Bảo mật trong Windows server 2003,"Minh Mẫn
",Sách in,"005.8   
/ M312 
","Thành phố Hồ Chí Minh: Thống Kê, 2003",Microsoft Windows server; Database security; Máy chủ phần mềm Windows; An tòan dữ liệu
162924,Teach yourself visually windows home server,"McFedries, Paul
",Sách in,"005.4476   
/ M478 
","Indianapolis, IN: Wiley Pub., 2008",Hệ điều hành (Máy tính); Microsoft Windows server; Operating systems (Computers); Microsoft Windows server
112303,Làm chủ Window server 2003. Tập 2,"Hoàng, Đức Hải  - Đồng tác giả
",Sách in,"005.446   
/ D513/T.2 
","Hà Nội: Thống kê, 2004",Client/server computing; Microsoft windows server; Máy chủ và máy trạm
270948,Tự học quản trị mạng và ứng dụng của active directory trong môi trường windows server. Tập 2,"Ngọc Tuấn
",Sách in,"005.43769   
/ Ng419/T.2 
","Hà Nội: Thống kê, 2004",Máy chủ Microsoft Windows; Microsoft Windows server
56349,Mastering web services security,"Ngọc Tuấn
",Sách in,"005.8   
/ M423 
","Indianapolis, IN: Wiley, 2003",computer networks; web sites; database security
124411,Oracle E- Business suite sericurty,"Abel, John
",Sách in,"658.0557585   
/ A139 
","New York, NY: McGraw- Hill, 2007",Oracle ( Computer file ); Database security; Electronic commerce.
92730,Tự học quản trị mạng và ứng dụng của active directory trong môi trường windows server tập 1,"Ngọc Tuấn
",Sách in,"005.43769   
/ Ng419 
","Hà Nội: Thống kê, 2004",Computer networks; Windows ( computer programs )
92891,"Quản trị mạng máy tính tối ưu hoá thực thi mạng với Content Switching : Server, Firewall và cân bằng tải","Nguyễn, Ngọc Tuấn
",Sách in,"004.6   
/ T502 
","Hà Nội: Thống kê, 2004",Mạng máy tính; Computer networks
93600,Tin học ứng dụng : Tự học TCP/ IP trong 14 ngày,Tín Dũng ,Sách in,"004.678   
/ Qu106 
","Hà Nội: Thống Kê, 2004",Computer networks; Internet ( conmputer network )
185966,Giáo trình mạng máy tính,"Phạm, Thế Phi ",Sách in; Sách điện tử,"004.678   
/ Qu106 
","Cần Thơ: Nxb. Đại học Cần Thơ, 2014",Computer networks; Internet ( conmputer network )
153113,Managing and using information systems : A strategic approach,"Saunders, Carol S. ",Sách in,"658.4038   
/ P361 
","Hoboken, N.J.: Wiley, 2010",Knowledge management; Information technology; Management information systems; Business enterprises; Industrial management; Strategic planning; Kế hoạch chiến lược; Hệ thống quản lý thông tin
155030,Security+ guide to network security fundamentals,"Ciampa, Mark
",Sách in," 005.8   
/ C565 
","Boston, MA: Course Technology, 2009",Computer networks
154909,"Networking fundamentals : Wide, local and personal area communications","Krishnamurthy, Prashant ",Sách in,"004.6   
/ P141 
","Chichester, U.K.: Wiley, 2009",Computer networks
127804,CWSP guide to wireless security,"Ciampa, Mark
",Sách in,"005.8   
/ C565 
","Australia: Thomson, 2007",Wireless LANs; Wireless communication systems; Computer networks
127791,Data communications and computer networks : A business user's approach,"White, Curt M.
",Sách in,"004.6   
/ W582 
","Australia: Thomson, 2007",Computer networks; OSI (Computer network standard); Data transmission systems
153232,Information systems for managers : Texts & cases,"Piccoli, Gabriele
",Sách in,"658.4038   
/ P591 
","Hoboken, NJ: John Wiley & Sons Inc, c2008",Management information systems; Business; Quản trị hệ thống thông tin; Kinh doanh
129744,Niên giám công nghệ thông tin-truyền thông Việt Nam 2006  = Vietnam ICT directory 2006: Vietnam ICT directory 2006,"Hội tin học Tp.Hồ Chí Minh-HCA.
",Sách in,"004.69025   
/ T109 
","Thành phố Hồ Chí Minh: Nhà xuất bản Thành phố Hồ Chí Minh, 2006",Internet addresses; World wide web (information retrieval system); Thế giới web (hệ thống thông tin); Địa chỉ internet
137235,Management information systems,"Marakas, George M. ",Sách in,"658.4038011   
/ O.13 
","Boston: McGraw-Hill Irwin, 2006",Management information systems; Hệ thống thông tin quản lý
142890,Giáo trình phân tích thiết kế hệ thống thông tin quản lý : (Dùng trong các trường THCN),"Phạm, Minh Tuấn
",Sách in,"005.74   
/ T502 
","Hà Nội: Giáo dục, 2006",Database management; Information systems; Quản trị CSDL; Hệ thống thông tin
153004,Information security : A strategic approach,"LeVeque, Vincent
",Sách in,"658.0558   
/ L657 
","Hoboken, N.J.: Wiley, 2006",Computer security; Management information systems; Strategic planning; Bảo mật máy tính; Quản lý hệ thống thông tin; Hoạch định chiến lược
153022,Lessons in grid computing : The system is a mirror,"Robbins, Stuart
",Sách in,"658.4038   
/ R636 
","Hoboken, N.J.: Wiley, 2006",Information technology; Business; Management information systems; Industrial management; Decision making; Quản lý công nghiệp; Hệ thống thông tin quản lý; Kinh doanh
153570,Management information systems : Managing the digital firm,"Laudon, Jane Price ",Sách in,"658.4038011   
/ L372 
","Upper Saddle River, NJ: Pearson/Prentice Hall, 2006",Management information systems; Hệ thống thông tin quản lý
132972,Knowledge management : Tools and techniques,"Sharma, Ravi - author ;  
Chua, Alton  - author
",Sách in,"658.4038   
/ F686 
","Singapore: Pearson Education South Asia, 2007",Quản lý tri thức; Quản lý tri thức; Hệ thống thông tin quản lý; Quản trị nguồn lực thông tin; Knowledge management; Knowledge management; Management information systems; Information resources management
170110,Design of information systems : a modern approach,"Mohanty, Ashok ",Sách in,"004.21   
/ M678 
","Oxford: Alpha Science, 2007",System design; Information storage and retrieval systems; Thiết kế hệ thống thông tin; Lưu trữ và truy xuất thông tin
110664,Giáo trình hệ thống thông tin quản lý,"Phạm, Thị Thanh Hồng
",Sách in,"658.05   
/ H455 
","Hà Nội: Bách khoa Hà Nội, 2010",Hệ thống thông tin quản lý; Hệ thống thông tin; Management information systems; Information system
208831,Giáo trình lập trình cho thiết bị di động,"Đoàn, Hòa Minh ",Sách in; Sách điện tử,"005.1   
/ H513 
","Cần Thơ: Nxb. Đại học Cần Thơ, 2016",Mobile communication systems; Hệ thống thông tin di động; Computer programs; Chương trình máy tính
270840,Web development with Microsoft resources,"Townsend, James J. ",Sách in,"005.269   
/ W364 
","Indianpolis, Ind.: Sams.net, 1996",Trang web; Web sites
43414,Quick guide to internet for political science,"Kenneth C Wedding
",Sách in,"005.3   
/ W388 
","Boston, Massachusetts: Allyn and Bacon, 1998",internet addresses; web sites; world wide web ( information retrieval system )
32748,Active server pages black book (CD-ROM included),"Kim Barber - Tác giả ;  
Paul Newkirk  - Tác giả
",Sách in,"005.276   
/ W721 
","Albany, New York: Coriolis, 1998",active server pages; web sites - design
43415,Quick guide to internet for sociology,"Joseph D Rivard  - Tác giả
",Sách in,"005.3   
/ T476 
","Boston, Massachusetts: Allyn and Bacon, 1998",internet addresses; web sites; world wide web ( information retrieval system )
272356,FrontPage 2000 developer's guide,"Jennett, Mike
",Sách in,"005.72   
/ J54 
","Berkeley, Calif.: Osborne/McGraw-Hill, 1999",Web sites; Web sites
121984,Thiết kế ảnh động và thiệp điện tử bằng Macromedia Flash MX : Một cách nhanh chóng và có hiệu quả nhất qua các chương trình mẫu,"Đậu, Quang Tuấn
",Sách in,"006.696   
/ T502 
","Hà Nội: Giao thông vận tải, 2006",Đồ họa máy tính; Computer graphics
127786,"Web design The L line, the express line to learning","Jenkins, Sue
",Sách in,"005.72   
/ J52 
","Hoboken: Wiley Publishing, Inc., 2007",Web sites
150989,Thiết kế Web với Javascript và DOM,"Hoàng, Đức Hải ",Sách in,"005.2762   
/ S312 
","Tp.Hồ Chí Minh: Phương đông, 2007",JavaScript (Computer program language); Web sites
150999,Tự học ASP trong 10 tiếng,"Hoàng, Đức Hải ",Sách in,"005.276   
/ T550 
","Hà Nội: Văn hóa Thông tin, 2007",Internet programming.; Web sites; Web servers
154916,Adobe Dreamweaver CS4  = Adobe Dreamweaver CS4 :: Comprehensive concepts and techniques,"Wells, Dolores J. ",Sách in,"006.78   
/ S545 
","Australia: Course Technology, 2010",Dreamweaver (Computer file); Web sites
155086,Lập trình web bằng PHP 5.3 và Cơ sở dữ liệu MySQL 5.1. T.1,"Phương Lan  - Hiệu đính
",Sách in,"005.2762   
/ Kh106 
","Thành phố Hồ Chí Minh: Phương Đông, 2010",PHP (Ngôn ngữ lập trình máy tính); Trang web; PHP (Computer program language); Web sites
42031,Microsoft FrontPage 2000 toàn tập : ứng dụng tin học phổ thông,"Hoàng, Đức Hải ",Sách in,"005.376   
/ S312 
","Hà Nội: Giáo Dục, 2000",Chương trình Microsoft; Microsoft FrontPage
158566,Professional ASP data access = ASP data access,"Esposito, Dino ",Sách in,"005.276   
/ P964 
","Birmingham, U.K.: Wrox, 2000",Web sites; Web servers
270765,"Construire un site e-commerce avec ASP, VB, SQL server et MTS","Reverchon, Alain - Traducteur ;  
Thierry, Florence - Traducteur ;  
Vassaux, Geneviève  - Traducteur
",Sách in,"004.678   
/ R462 
","Paris: Eyrolles, 2000",Trang Web; Web sites
52973,ASP 3.0 và ASP.net,"Nguyễn, Phương Lan
",Sách in,"005.276   
/ L105 
","Hà Nội: Giáo Dục, 2001",Active server pages; Web sites
58132,Web project management Delivering succcessful commercial web sites,"Ashley Friedlein
",Sách in,"650.02854628   
/ F911 
","San Francisco, CA: Morgan Kaufmann, 2001",web sites
157019,"ASP, ADO, and XML complete","Ashley Friedlein
",Sách in,"005.276   
/ A188 
","San Francisco: Sybex, 2001",Active server pages; ADO (Computer program); XML (Document markup language); Web sites; Web servers; Internet programming
49805,Toàn tập Microsoft Office 2002,"LỮ ĐỨC HÀO
",Sách in,"005.3   
/ H108 
","Tp. HCM: Thống Kê, 2002",microsoft fronpage ( computer programs ); web sites
54870,Building electronic commerce With web database constructions,"Anne Nelson
",Sách in,"658.8'4   
/ N425 
","Boston, MA.: Addison-Wesley, 2002",electronic commerce; web sites
56384,Red hat Linux security and optimization,"Mohammed J. Kabir
",Sách in,"005.8   
/ K11 
","New York: Hungry Minds, 2002",computer networks; firewall; web sites; client/server programming
56393,Firewalls The complete reference,"Keith E. Strassberg
",Sách in,"005.8   
/ S898 
","New York: McGraw-Hill, 2002",web sites; computer networks
60735,Cẩm nang địa chỉ internet quốc tế,"Nguyễn, Sanh Phúc
",Sách in,"004.69025   
/ Ph506 
","Đồng Nai: Tổng hợp Đồng Nai, 2002",Internet addresses; Web sites
157210,Flash MX,"Herber, Norbert. ",Sách in,"006.696   
/ W336 
","San Francisco: Sybex, 2002",Computer animation.; Web sites; Flash (Computer file)
164115,Flash ™ MX Actionscript : The designer’s edge™,"Hall, Jennifer S. ",Sách in,"006.696   
/ H223 
","San Francisco, CA: Sybex, 2002",Computer animation; Flash (Computer file); Computer graphics; Web sites; Hoạt hình máy tính; Tia sáng ( Tập tin máy tính); Đồ họa máy tính; Trang Web
56375,.Net security programming,"Donis Marshall
",Sách in,"005.8   
/ M367 
","Indianapolis, IN: Wiley, 2003",computer networks; web sites
56875,8000 địa chỉ internet và các website thông dụng,"Công Sơn
",Sách in,"004.69025   
/ C455 
","H.: Thống Kê, 2003",internet addresses; web sites
58129,"Maintaining and evolving successful commercial web sites Managing chanhge, content, customer relationships, and site management","Ashley Friedlein
",Sách in,"650.02854628   
/ F911 
","Amsterdam, The Netherlands: MK, 2003",web sites
60086,Những bí quyết để thành công trong chiến lược tiếp thị WEB,"Carl Burnham
",Sách in,"384.3   
/ B966 
","H.: Thống kê, 2003",web sites; client/server computing
157026,The hidden power of Flash components,"Williams, Brandon ",Sách in,"006.696   
/ H223 
","San Francisco, Calif.: SYBEX, 2003",Flash (Computer file); Computer animation; Web sites
112329,Microsof Frontpage 2000 toàn tập,"Nguyễn, Trường Sinh
",Sách in,"005.72   
/ S312 
","Hà Nội: Lao động - Xã hội, 2004",Web publishing; Microsoft frontpage; Web sites
262035,Le système Linux,"Welsh, Matt
",Sách in,"005.4   
/ W461 
","Paris: O'Reilly, 1995",Linux (tệp máy tính); Linux (Computer file)
272375,Linux device drivers,"Rubini, Alessandro
",Sách in,"005.4   
/ R896 
","Sebastopol, CA: O'Reilly & Associates, Inc., 1998",Trình điều khiển thiết bị Linux (Chương trình máy tính); Linux device drivers (Computer programs)
38352,Linux toàn tập,"VN  - Guide
",Sách in,"005.28   
/ L761 
","Tp. HCM: Thống Kê, 2000",linux ( computer programs )
49347,Red hat linux network management tool (0 07 212262 5),"STEVE MAXWELL
",Sách in,"005.4469   
/ M465 
","McGraw-Hill, 2000",linux ( computer programs )
45365,Giáo trình tin học ứng dụng. T1 - Lập trình LINUX,"Nguyễn Phương Lan - Tác giả ;  
Hoàng Đức Hải - Tác giả ;  
Thanh Duy  - Biên tập, hiệu đính
",Sách in,"005.28   
/ L105/T1 
","Hà Nội: Giáo Dục, 2001",linux ( computer programming language ); operating system
47513,Hệ điều hành LINUX giao diện đồ họa GNOME,"Bùi Việt Hà
",Sách in,"005.28   
/ H100 
","Hà Nội: Giáo Dục, 2001",linux ( computer programs ); operating systems ( computer programs )
52207,Linux giáo trình lý thuyết và thực hành. Tập 1,"Hoàng, Đức Hải ",Sách in,"005.42   
/ H407/T.1 
","Hà Nội: Lao động - Xã hội, 2002",Linux (computer programs); Linux (chương trình máy tính)
56362,Red hat Linux networking and system administration,"Terry Collings
",Sách in,"005.42   
/ C711 
","New York: Wiley, 2002",linux ( computer programs ); system administration
56368,Red hat Linux survival guide,"Mohammed J. Kabir
",Sách in,"005.42   
/ K11 
","New York: Hungry Minds, 2002",system administration; linux ( computer programs )
56529,Red hat Linux networking and system administration,"Terry Collings
",Sách in,"005.42   
/ C711 
","New York: Wiley, 2002",linux ( computer programs ); system administration
272466,Bảo mật và tối ưu trong Red Hat Linux,"Trần, Tiến Dũng - Hiệu đính ;  
Đoàn, Thiện Ngân  - Cố vấn khoa học
",Sách in,"005.42   
/ T513 
","Hà Nội: Lao động - Xã hội, 2002",Chương trình Linux; Linux programming series
56295,Red Hat Linux Internet server,"Paul G. Sery
",Sách in,"005.7585   
/ S491 
","Indianapoliss, IN: Wiley, 2003",internet ( computer network ); system administration; linux ( computer programs ); client/server computing
58102,"The Linux process manger The internals of scheduling, interrupts and signals","John O'Gorman
",Sách in,"005.4469   
/ O.34 
","Chichester, Eng: John Wiley and Sons, 2003",linux; operating systems ( computers )
151235,"Linux & OpenVMS interoperability : Tricks for old dogs, new dogs, and hot dogs with open systems","Wisniewski, John Robert
",Sách in,"005.432   
/ W815 
","Boston, Mass.: Digital Press, 2003",Linux; OpenVMS device drivers
262123,Halte aux hackers Linux,"Kurtz, George ",Sách in,"005.8   
/ H361 
","Paris: OEM-Eyrolles, 2003",Linux (Hệ điều hành); Linux (Operating system)
270790,Le système Linux. Volume 3,"Welsh, Matt ",Sách in,"005.4   
/ S995/Vol.3 
","Paris: O'Reilly, 2003",Linux (tệp máy tính); Linux (Computer file)
270791,Le système Linux. Volume 4,"Welsh, Matt ",Sách in,"005.4   
/ S995/Vol.4 
","Paris: O'Reilly, 2003",Linux (tệp máy tính); Linux (Computer file)
273488,Linux en concentré : Manuel de référence,"Siever, Ellen ",Sách in,"005.4   
/ L761 
","Paris: O'Reilly, 2003",Linux (tệp máy tính); Linux (Computer file)
101055,Nhập môn hệ điều hành Linux,"Nguyễn, Quang Huy - Tác giả ;  
Nguyễn, Hữu Đức  - Tác giả
",Sách in,"005.28   
/ Th523 
","Hà Nội: Khoa học và Kỹ thuật, 2005",Operating systems ( computer programs ); Linux ( computer programs )
106442,Quản trị hệ thống Linux,"Trương, Diệu Linh ",Sách in,"005.28   
/ Th523 
","Hà Nội: Khoa học và Kỹ thuật, 2005",Linux (computer programs); Operating systems
191182,Giáo trình phần mềm nguồn mở,"Đỗ, Văn Xê
",Sách in; Sách điện tử,"005.432   
/ X250 
","Cần Thơ: Nxb. Đại học Cần Thơ, 2014",Open source software; Linux ( computer programs ); Phần mềm mã nguồn mở
23286,Networking security and standards,"Weidong Kou
",Sách in,"005.8   
/ K88 
","Boston: Kluwer Academic, 1997",firewall; network security; standards
23290,Maximum security: A Hacker's guide to protecting your Internetsite and network,"Nonymous
",Sách in,"005.8   
/ A615 
","Indiana: Samsnet, 1997",firewall; internet; network security
164119,The art of 3D computer animation and effects,"Kerlow, Isaac Victor
",Sách in,"006.696   
/ K39 
","Hoboken, N.J.: John Wiley & Sons, 2004",Computer graphics; Computer animation; Đồ họa máy tính; Hoạt hình máy tính
165706,3ds max at a glance,"Maestri, George
",Sách in,"006.696   
/ M186 
","Indianapolis, Ind.: Wiley Pub., 2008",Computer animation; Computer graphics; Hoạt hình máy tính; Đồ họa máy tính
23329,Computer Animation programming methods techniques,"Maria P Canton  - Tác giả
",Sách in,"006.6   
/ S211 
","New York: McGraw - Hill, 1995",MS - DOS ( computer file ); Windows ( computer programs ); computer animation
48283,Hướng dẫn sử dụng Flash 5.0 = Flash nhanh và dễ toàn tập,"Phạm, Quang Hiển - Tác giả ;  
Hồ, Chí Hòa  - Tác giả
",Sách in,"006.696   
/ H523 
","Hà Nội: Thống Kê, 2001",Flash (Computer program); Flash (chương trình máy tính)
52068,Thực hành thiết kế cho Web với Macromedia Flash 5,"Nguyễn Tiến
",Sách in,"006.696   
/ T305 
","H.: Thống Kê, 2001",computer graphics; computer animation
56377,"MPEG-4 facial animation The standard, implementation and applications","Igor S. Pandzic
",Sách in,"006.68   
/ M939 
","Chichester: John Wiley and Sons, 2002",computer graphics; computer animation
119115,Bài tập thực hành thiết kế ảnh động và làm hoạt hình với Macromedia Flash MX,"Hồ, Xuân Phương ",Sách in,"006.696   
/ K304 
","Thành phố Hồ Chí Minh: Trẻ, 2002",Computer animation; Computer graphics
58133,Macromedia dreamweaver MX H.O.T Hands-on training,"Garo Green
",Sách in,"006.696   
/ G795 
","Berkeley, CA: Peachpit Press, 2003",computer animation; computer graphics
59866,Các công cụ hỗ trợ thiết kế Web Flash MX nhìn từ góc độ kỹ thuật,"Phạm Quang Huy
",Sách in,"006.68   
/ H523 
","H.: Thống kê, 2003",computer graphics; computer animation; flash mx ( computer programs )
74774,Bài tập thực hành Wildform Fx & Flash Mx,"Phạm, Quang Huy
",Sách in,"006.696   
/ H523 
","Hà Nội: Thống Kê, 2003",Computer Animation; Computer Graphics
124410,Mastering Maya® 7,"Kundert  - Gibbs, John L.
",Sách in,"006.696   
/ M423 
","Indianapoliss, IN.: Wiley Publishing, Inc., 2006",Computer animation; Maya ( Computer file ); Three-dimensional display systems.; Đồ họa máy tính; Maya ( tệp máy tính ); Hệ thống hiển thị ba chiều
270868,Flash 5 for Windows and Macintosh,"Ulrich, Katherine
",Sách in,"006.696   
/ U45 
","Berkeley, C.A.: Peachpit Press, 2001",Flash (tệp máy tính); Flash (Computer file)
125909,Macromedia Flash 5 : Căn bản và chuyên sâu,"Ulrich, Katherine
",Sách in,"006.68   
/ M174 
","Hà Nội: Thống Kê, 2002",Flash (tệp máy tính); Flash (Computer file)
270956,Thiết kế mô hình động trong quản cáo và giảng dạy với Coreldraw 10 và Flash 5 : Bài tập thực hành,"Phạm, Quang Huy - Biên soạn ;  
Phạm, Phương Hoa  - Biên soạn
",Sách in,"006.696   
/ Th308 
","Hà Nội: Thống kê, 2003",Phần mềm đồ họa CorelDRAW!; CorelDRAW; Flash (tệp máy tính); Flash (Computer file)
258768,Active server pages black book,"Newkirk, Paul ",Sách in,"005.276   
/ W721 
","Albany, NY.: Coriolis Group, Inc., 1988",Web site; Active server pages; Web
60006,Giáo trình tin học lý thuyết và bài tập ASP 3.0 ASP.NET,"Nguyễn Phương Lan
",Sách in,"005.276   
/ L105 
","H.: LĐXH, 2003",active server pages; web sitesactive server pages
95359,Net toàn tập. Tập 5 - Lập trình Web dùng ASP.NET và C#,"Dương, Quang Thiện  - Biên soạn
",Sách in,"005.276   
/ N207/T.5 
","Thành phố Hồ Chí Minh: Tổng hợp Thành phố Hồ Chí Minh, 2005",C++ (Computer program language); Active server pages; Web sites
100408,Lập trình thiết kế web trong ASP.net với các ví dụ C#,Hồng Phúc ,Sách in,"005.276   
/ T502 
","Hà Nội: Thống kê, 2005",Active server pages; Web sites
154904,ASP.NET programming with C# and SQL server,"Gosselin, Don
",Sách in,"005.276   
/ G679 
","Boston, MA: Course Technology/Cengage Learning, 2010",Active server pages; SQL server; Microsoft .NET; Web site development; C# (Computer program language)
